{
  "timestamp": "2026-02-03T10:28:03.697216",
  "profile_results": {
    "imports": {
      "core_imports": 0.02053546905517578,
      "heavy_imports": 6.848419189453125,
      "total_imports": 6.868954658508301
    },
    "grind_session_init": {
      "task_sanitization": 0.0009992122650146484,
      "task_decomposition": 0.0,
      "performance_tracker": 0.0005021095275878906,
      "knowledge_graph": 0.005581378936767578,
      "failure_detector": 0.0,
      "safety_gateway": 0.0,
      "total_init": 0.007082700729370117
    },
    "prompt_generation": {
      "decomposition": 0.0,
      "role_processing": 0.0,
      "context_building": 0.01829981803894043,
      "failure_warnings": 0.0009992122650146484,
      "demonstrations": 0.017548561096191406,
      "total_prompt": 0.036847591400146484
    },
    "safety_checks": {
      "kill_switch": 0.0,
      "circuit_breaker": 0.0,
      "safety_gateway": 0.0,
      "network_scan": 0.001005411148071289,
      "constitutional": 0.0,
      "total_safety": 0.001005411148071289
    }
  },
  "total_startup_time": 6.913890361785889
}