{
  "original": {
    "duration_ms": 227.95429997495376,
    "success": true
  },
  "optimized": {
    "duration_ms": 92.65740000410005,
    "success": true
  },
  "improvement_percent": 59.35264216806584
}